,Num Zeros,kingdom,superclass,class,subclass,level 5,level 6,level 7,level 8,level 9,level 10
"2,4,6-trihydroxybenzoate",0,Organic compounds,Benzenoids,Benzene and substituted derivatives,Benzoic acids and derivatives,Hydroxybenzoic acid derivatives,,,,,
3-hydroxymyristate,0,Organic compounds,Lipids and lipid-like molecules,Fatty Acyls,Fatty acids and conjugates,Long-chain fatty acids,,,,,
4-ureidobutyrate,0,Organic compounds,Organic acids and derivatives,Carboxylic acids and derivatives,"Amino acids, peptides, and analogues",Amino acids and derivatives,Gamma amino acids and derivatives,,,,
6-hydroxynicotinate,0,Organic compounds,Organoheterocyclic compounds,Pyridines and derivatives,Pyridinecarboxylic acids and derivatives,Pyridinecarboxylic acids,,,,,
anserine,0,Organic compounds,Organic acids and derivatives,Peptidomimetics,Hybrid peptides,,,,,,
cysteinylglycine,0,Organic compounds,Organic acids and derivatives,Carboxylic acids and derivatives,"Amino acids, peptides, and analogues",Peptides,Dipeptides,,,,
nicotianamine,0,Organic compounds,Organic acids and derivatives,Carboxylic acids and derivatives,"Amino acids, peptides, and analogues",Amino acids and derivatives,Alpha amino acids and derivatives,Alpha amino acids,L-alpha-amino acids,,
phenethylamine,0,Organic compounds,Benzenoids,Benzene and substituted derivatives,Phenethylamines,,,,,,
stigmastadienone,0,Organic compounds,Lipids and lipid-like molecules,Steroids and steroid derivatives,Stigmastanes and derivatives,,,,,,
1-linolenoylglycerol (18:3),1,Organic compounds,Lipids and lipid-like molecules,Fatty Acyls,Lineolic acids and derivatives,,,,,,
"3,4-dihydroxybenzoate",1,Organic compounds,Benzenoids,Benzene and substituted derivatives,Benzoic acids and derivatives,Hydroxybenzoic acid derivatives,,,,,
3-(4-hydroxyphenyl)lactate (HPLA),1,Organic compounds,Phenylpropanoids and polyketides,Phenylpropanoic acids,,,,,,,
5-methylcytosine,1,Organic compounds,Organoheterocyclic compounds,Diazines,Pyrimidines and pyrimidine derivatives,Hydroxypyrimidines,,,,,
apigenin,1,Organic compounds,Phenylpropanoids and polyketides,Flavonoids,Flavones,,,,,,
caproate (6:0),1,Organic compounds,Lipids and lipid-like molecules,Fatty Acyls,Fatty acids and conjugates,Medium-chain fatty acids,,,,,
ferulate,1,Organic compounds,Phenylpropanoids and polyketides,Cinnamic acids and derivatives,Hydroxycinnamic acids and derivatives,Hydroxycinnamic acids,,,,,
lactobacillic acid,1,Organic compounds,Lipids and lipid-like molecules,Fatty Acyls,Fatty acids and conjugates,Medium-chain fatty acids,,,,,
N-carboxymethylalanine,1,Organic compounds,Organic acids and derivatives,Carboxylic acids and derivatives,"Amino acids, peptides, and analogues",Amino acids and derivatives,Alpha amino acids and derivatives,Alanine and derivatives,,,
pheophorbide A,1,Organic compounds,Organoheterocyclic compounds,Tetrapyrroles and derivatives,Chlorins,,,,,,
piperine,1,Organic compounds,Alkaloids and derivatives,,,,,,,,
sucrose,1,Organic compounds,Organic oxygen compounds,Organooxygen compounds,Carbohydrates and carbohydrate conjugates,Glycosyl compounds,O-glycosyl compounds,,,,
1-methylnicotinamide,2,Organic compounds,Organoheterocyclic compounds,Pyridines and derivatives,Pyridinecarboxylic acids and derivatives,Pyridinecarboxamides,Nicotinamides,,,,
2-methylserine,2,Organic compounds,Organic acids and derivatives,Carboxylic acids and derivatives,"Amino acids, peptides, and analogues",Amino acids and derivatives,Alpha amino acids and derivatives,Alpha amino acids,,,
3-hydroxysuberate,2,Organic compounds,Organic acids and derivatives,Hydroxy acids and derivatives,Medium-chain hydroxy acids and derivatives,,,,,,
acetylagmatine,2,Organic compounds,Organic acids and derivatives,Carboxylic acids and derivatives,Carboxylic acid derivatives,Carboxylic acid amides,Acetamides,,,,
alpha-tocotrienol,2,Organic compounds,Lipids and lipid-like molecules,Prenol lipids,Quinone and hydroquinone lipids,Vitamin E compounds,Tocotrienols,,,,
beta-cryptoxanthin,2,Organic compounds,Lipids and lipid-like molecules,Prenol lipids,Tetraterpenoids,Carotenoids,Xanthophylls,,,,
caffeate,2,Organic compounds,Phenylpropanoids and polyketides,Cinnamic acids and derivatives,Hydroxycinnamic acids and derivatives,Hydroxycinnamic acids,,,,,
fucosterol,2,Organic compounds,Lipids and lipid-like molecules,Steroids and steroid derivatives,Stigmastanes and derivatives,,,,,,
gamma-tocotrienol,2,Organic compounds,Lipids and lipid-like molecules,Prenol lipids,Quinone and hydroquinone lipids,Vitamin E compounds,Tocotrienols,,,,
hexadecatrienoate (16:3n3),2,Organic compounds,Lipids and lipid-like molecules,Fatty Acyls,Fatty acids and conjugates,Long-chain fatty acids,,,,,
isocitric lactone,2,Organic compounds,Organic acids and derivatives,Carboxylic acids and derivatives,Tricarboxylic acids and derivatives,,,,,,
norvaline,2,Organic compounds,Organic acids and derivatives,Carboxylic acids and derivatives,"Amino acids, peptides, and analogues",Amino acids and derivatives,Alpha amino acids and derivatives,Alpha amino acids,,,
vanillate,2,Organic compounds,Benzenoids,Benzene and substituted derivatives,Benzoic acids and derivatives,Methoxybenzoic acids and derivatives,M-methoxybenzoic acids and derivatives,,,,
xanthurenate,2,Organic compounds,Organoheterocyclic compounds,Quinolines and derivatives,Quinoline carboxylic acids,,,,,,
alanyl-glutamyl-meso-diaminopimelate,3,Organic compounds,Organic acids and derivatives,Carboxylic acids and derivatives,"Amino acids, peptides, and analogues",Peptides,Dipeptides,,,,
ascorbic acid 2-sulfate,3,Organic compounds,Organoheterocyclic compounds,Dihydrofurans,Furanones,,,,,,
naringenin,3,Organic compounds,Phenylpropanoids and polyketides,Flavonoids,Flavans,Flavanones,,,,,
phytanate,3,Organic compounds,Lipids and lipid-like molecules,Prenol lipids,Diterpenoids,Acyclic diterpenoids,,,,,
syringic acid,3,Organic compounds,Benzenoids,Benzene and substituted derivatives,Benzoic acids and derivatives,Hydroxybenzoic acid derivatives,Gallic acid and derivatives,,,,
theanine,3,Organic compounds,Organic acids and derivatives,Carboxylic acids and derivatives,"Amino acids, peptides, and analogues",Amino acids and derivatives,Alpha amino acids and derivatives,Glutamine and derivatives,,,
1-pentadecanoylglycerol (15:0),4,Organic compounds,Lipids and lipid-like molecules,Glycerolipids,Monoradylglycerols,Monoacylglycerols,1-monoacylglycerols,,,,
2'-deoxycytidine,4,Organic compounds,"Nucleosides, nucleotides, and analogues",Pyrimidine nucleosides,Pyrimidine 2'-deoxyribonucleosides,,,,,,
2-hydroxyoleate,4,Organic compounds,Lipids and lipid-like molecules,Fatty Acyls,Fatty acids and conjugates,Long-chain fatty acids,,,,,
2-hydroxypalmitate,4,Organic compounds,Lipids and lipid-like molecules,Fatty Acyls,Fatty acids and conjugates,Long-chain fatty acids,,,,,
2-O-methylascorbic acid,4,Organic compounds,Organoheterocyclic compounds,Dihydrofurans,Furanones,,,,,,
21-hydroxypregnenolone disulfate,4,Organic compounds,Lipids and lipid-like molecules,Steroids and steroid derivatives,Sulfated steroids,,,,,,
3-dehydrocholate,4,Organic compounds,Lipids and lipid-like molecules,Steroids and steroid derivatives,"Bile acids, alcohols and derivatives","Hydroxy bile acids, alcohols and derivatives","Dihydroxy bile acids, alcohols and derivatives",,,,
7-ketocholesterol,4,Organic compounds,Lipids and lipid-like molecules,Steroids and steroid derivatives,Cholestane steroids,Cholesterols and derivatives,,,,,
carnosine,4,Organic compounds,Organic acids and derivatives,Peptidomimetics,Hybrid peptides,,,,,,
genistein,4,Organic compounds,Phenylpropanoids and polyketides,Isoflavonoids,Isoflav-2-enes,Isoflavones,,,,,
isobutyrylglycine (C4),4,Organic compounds,Organic acids and derivatives,Carboxylic acids and derivatives,"Amino acids, peptides, and analogues",Amino acids and derivatives,Alpha amino acids and derivatives,N-acyl-alpha amino acids and derivatives,N-acyl-alpha amino acids,,
linolenoyl ethanolamide,4,Organic compounds,Organic nitrogen compounds,Organonitrogen compounds,Amines,Alkanolamines,"1,2-aminoalcohols",N-acylethanolamines,,,
N-carbamoylglutamate,4,Organic compounds,Organic acids and derivatives,Carboxylic acids and derivatives,"Amino acids, peptides, and analogues",Amino acids and derivatives,Alpha amino acids and derivatives,Glutamic acid and derivatives,,,
stigmasterol,4,Organic compounds,Lipids and lipid-like molecules,Steroids and steroid derivatives,Stigmastanes and derivatives,,,,,,
1-methylhistamine,5,Organic compounds,Organic nitrogen compounds,Organonitrogen compounds,Amines,Primary amines,2-arylethylamines,,,,
1-methylhistidine,5,Organic compounds,Organic acids and derivatives,Carboxylic acids and derivatives,"Amino acids, peptides, and analogues",Amino acids and derivatives,Alpha amino acids and derivatives,Histidine and derivatives,,,
1-oleoyl-GPC (18:1),5,Organic compounds,Lipids and lipid-like molecules,Glycerophospholipids,Glycerophosphocholines,Lysophosphatidylcholines,1-acyl-sn-glycero-3-phosphocholines,,,,
5-hydroxymethylfurfural,5,Organic compounds,Organic oxygen compounds,Organooxygen compounds,Carbonyl compounds,Aldehydes,Aryl-aldehydes,,,,
5alpha-pregnan-diol disulfate,5,Organic compounds,Lipids and lipid-like molecules,Steroids and steroid derivatives,Sulfated steroids,,,,,,
galactonate,5,Organic compounds,Organic acids and derivatives,Hydroxy acids and derivatives,Medium-chain hydroxy acids and derivatives,,,,,,
gamma-glutamylglycine,5,Organic compounds,Organic acids and derivatives,Carboxylic acids and derivatives,"Amino acids, peptides, and analogues",Peptides,Dipeptides,,,,
homo-cis-aconitate,5,Organic compounds,Organic acids and derivatives,Carboxylic acids and derivatives,Tricarboxylic acids and derivatives,,,,,,
serotonin,5,Organic compounds,Organoheterocyclic compounds,Indoles and derivatives,Tryptamines and derivatives,Serotonins,,,,,
tetradecadienoate (14:2)*,5,Organic compounds,Lipids and lipid-like molecules,Fatty Acyls,Fatty acids and conjugates,Long-chain fatty acids,,,,,
biopterin,6,Organic compounds,Organoheterocyclic compounds,Pteridines and derivatives,Pterins and derivatives,Biopterins and derivatives,,,,,
catechol sulfate,6,Organic compounds,Organic acids and derivatives,Organic sulfuric acids and derivatives,Arylsulfates,Phenylsulfates,,,,,
N-acetyl-aspartyl-glutamate (NAAG),6,Organic compounds,Organic acids and derivatives,Carboxylic acids and derivatives,"Amino acids, peptides, and analogues",Peptides,Dipeptides,,,,
N-linoleoylglycine,6,Organic compounds,Organic acids and derivatives,Carboxylic acids and derivatives,"Amino acids, peptides, and analogues",Amino acids and derivatives,Alpha amino acids and derivatives,N-acyl-alpha amino acids and derivatives,N-acyl-alpha amino acids,,
N-methylalanine,6,Organic compounds,Organic acids and derivatives,Carboxylic acids and derivatives,"Amino acids, peptides, and analogues",Amino acids and derivatives,Alpha amino acids and derivatives,Alanine and derivatives,,,
o-Tyrosine,6,Organic compounds,Organic acids and derivatives,Carboxylic acids and derivatives,"Amino acids, peptides, and analogues",Amino acids and derivatives,Alpha amino acids and derivatives,Phenylalanine and derivatives,,,
pregnenolone sulfate,6,Organic compounds,Lipids and lipid-like molecules,Steroids and steroid derivatives,Sulfated steroids,,,,,,
propionylglycine (C3),6,Organic compounds,Organic acids and derivatives,Carboxylic acids and derivatives,"Amino acids, peptides, and analogues",Amino acids and derivatives,Alpha amino acids and derivatives,N-acyl-alpha amino acids and derivatives,N-acyl-alpha amino acids,,
quinolinate,6,Organic compounds,Organoheterocyclic compounds,Pyridines and derivatives,Pyridinecarboxylic acids and derivatives,Pyridinecarboxylic acids,,,,,
stearoyl sphingomyelin (d18:1/18:0),6,Organic compounds,Lipids and lipid-like molecules,Sphingolipids,Phosphosphingolipids,,,,,,
"1,1-kestotetraose",7,Organic compounds,Organic oxygen compounds,Organooxygen compounds,Carbohydrates and carbohydrate conjugates,Oligosaccharides,,,,,
1-palmitoyl-GPS (16:0)*,7,Organic compounds,Lipids and lipid-like molecules,Glycerophospholipids,Glycerophosphoserines,Lysophosphatidylserines,1-acyl-glycerol-3-phosphoserines,,,,
"2,3-dimethylsuccinate",7,Organic compounds,Lipids and lipid-like molecules,Fatty Acyls,Fatty acids and conjugates,Branched fatty acids,Methyl-branched fatty acids,,,,
2-hydroxylignocerate*,7,Organic compounds,Lipids and lipid-like molecules,Fatty Acyls,Fatty acids and conjugates,Very long-chain fatty acids,,,,,
3-hydroxybutyrate (BHBA),7,Organic compounds,Organic acids and derivatives,Hydroxy acids and derivatives,Beta hydroxy acids and derivatives,,,,,,
4-hydroxyglutamate,7,Organic compounds,Organic acids and derivatives,Carboxylic acids and derivatives,"Amino acids, peptides, and analogues",Amino acids and derivatives,Alpha amino acids and derivatives,Glutamic acid and derivatives,,,
5-acetylamino-6-amino-3-methyluracil,7,Organic compounds,Organic nitrogen compounds,Organonitrogen compounds,N-arylamides,N-acetylarylamines,,,,,
7-ketolithocholate,7,Organic compounds,Lipids and lipid-like molecules,Steroids and steroid derivatives,"Bile acids, alcohols and derivatives","Hydroxy bile acids, alcohols and derivatives","Monohydroxy bile acids, alcohols and derivatives",,,,
allantoin,7,Organic compounds,Organoheterocyclic compounds,Azoles,Imidazoles,,,,,,
chenodeoxycholate,7,Organic compounds,Lipids and lipid-like molecules,Steroids and steroid derivatives,"Bile acids, alcohols and derivatives","Hydroxy bile acids, alcohols and derivatives","Dihydroxy bile acids, alcohols and derivatives",,,,
digalacturonic acid,7,Organic compounds,Organic oxygen compounds,Organooxygen compounds,Carbohydrates and carbohydrate conjugates,Sugar acids and derivatives,Glucuronic acid derivatives,Glucuronides,O-glucuronides,,
docosapentaenoate (n6 DPA; 22:5n6),7,Organic compounds,Lipids and lipid-like molecules,Fatty Acyls,Fatty acids and conjugates,Very long-chain fatty acids,,,,,
gamma-glutamylcysteine,7,Organic compounds,Organic acids and derivatives,Carboxylic acids and derivatives,"Amino acids, peptides, and analogues",Peptides,Dipeptides,,,,
glycolithocholate sulfate*,7,Organic compounds,Lipids and lipid-like molecules,Steroids and steroid derivatives,"Bile acids, alcohols and derivatives",Glycinated bile acids and derivatives,,,,,
heptadecasphingosine (d17:1),7,Organic compounds,Organic nitrogen compounds,Organonitrogen compounds,Amines,Alkanolamines,"1,2-aminoalcohols",,,,
hesperetin,7,Organic compounds,Phenylpropanoids and polyketides,Flavonoids,O-methylated flavonoids,4'-O-methylated flavonoids,,,,,
"N2,N5-diacetylornithine",7,Organic compounds,Organic acids and derivatives,Carboxylic acids and derivatives,"Amino acids, peptides, and analogues",Amino acids and derivatives,Alpha amino acids and derivatives,N-acyl-alpha amino acids and derivatives,N-acyl-alpha amino acids,N-acyl-L-alpha-amino acids,
N6-formyllysine,7,Organic compounds,Organic acids and derivatives,Carboxylic acids and derivatives,"Amino acids, peptides, and analogues",Amino acids and derivatives,Alpha amino acids and derivatives,Alpha amino acids,L-alpha-amino acids,,
palmitoleoyl ethanolamide*,7,Organic compounds,Organic nitrogen compounds,Organonitrogen compounds,Amines,Alkanolamines,"1,2-aminoalcohols",N-acylethanolamines,,,
prolylhydroxyproline,7,Organic compounds,Organic acids and derivatives,Carboxylic acids and derivatives,"Amino acids, peptides, and analogues",Peptides,Dipeptides,,,,
3-dehydroshikimate,8,Organic compounds,Organic oxygen compounds,Organooxygen compounds,Carbonyl compounds,Ketones,Cyclic ketones,Cyclohexenones,,,
3-hydroxyisobutyrate,8,Organic compounds,Organic acids and derivatives,Hydroxy acids and derivatives,Beta hydroxy acids and derivatives,,,,,,
5-(galactosylhydroxy)-L-lysine,8,Organic compounds,Lipids and lipid-like molecules,Fatty Acyls,Fatty acyl glycosides,Fatty acyl glycosides of mono- and disaccharides,,,,,
5-hydroxypicolinic acid,8,Organic compounds,Organoheterocyclic compounds,Pyridines and derivatives,Pyridinecarboxylic acids and derivatives,Pyridinecarboxylic acids,,,,,
cryptochlorogenic acid,8,Organic compounds,Organic oxygen compounds,Organooxygen compounds,Alcohols and polyols,Cyclic alcohols and derivatives,Cyclitols and derivatives,Quinic acids and derivatives,,,
dihydrocaffeate,8,Organic compounds,Phenylpropanoids and polyketides,Phenylpropanoic acids,,,,,,,
galactosylglycerol,8,Organic compounds,Lipids and lipid-like molecules,Glycerolipids,Glycosylglycerols,,,,,,
gamma-glutamyl-epsilon-lysine,8,Organic compounds,Organic acids and derivatives,Carboxylic acids and derivatives,"Amino acids, peptides, and analogues",Amino acids and derivatives,Alpha amino acids and derivatives,Glutamine and derivatives,,,
gamma-glutamylmethionine,8,Organic compounds,Organic acids and derivatives,Carboxylic acids and derivatives,"Amino acids, peptides, and analogues",Peptides,Dipeptides,,,,
hypoxanthine,8,Organic compounds,Organoheterocyclic compounds,Imidazopyrimidines,Purines and purine derivatives,Purinones,Hypoxanthines,,,,
N-methylhydantoin,8,Organic compounds,Organoheterocyclic compounds,Azolines,Imidazolines,,,,,,
N-monomethylarginine,8,Organic compounds,Organic acids and derivatives,Carboxylic acids and derivatives,"Amino acids, peptides, and analogues",Amino acids and derivatives,Alpha amino acids and derivatives,Arginine and derivatives,,,
pentadecanoate (15:0),8,Organic compounds,Lipids and lipid-like molecules,Fatty Acyls,Fatty acids and conjugates,Long-chain fatty acids,,,,,
saccharopine,8,Organic compounds,Organic acids and derivatives,Carboxylic acids and derivatives,"Amino acids, peptides, and analogues",Amino acids and derivatives,Alpha amino acids and derivatives,Glutamic acid and derivatives,,,
theophylline,8,Organic compounds,Organoheterocyclic compounds,Imidazopyrimidines,Purines and purine derivatives,Xanthines,,,,,
tryptophan betaine,8,Organic compounds,Organic acids and derivatives,Carboxylic acids and derivatives,"Amino acids, peptides, and analogues",Amino acids and derivatives,Alpha amino acids and derivatives,Alpha amino acids,L-alpha-amino acids,,
1-stearoyl-GPA (18:0),9,Organic compounds,Lipids and lipid-like molecules,Glycerophospholipids,Glycerophosphates,Monoacylglycerophosphates,Lysophosphatidic acids,1-acylglycerol-3-phosphates,,,
2-aminoadipate,9,Organic compounds,Organic acids and derivatives,Carboxylic acids and derivatives,"Amino acids, peptides, and analogues",Amino acids and derivatives,Alpha amino acids and derivatives,Alpha amino acids,,,
adipoylcarnitine (C6-DC),9,Organic compounds,Lipids and lipid-like molecules,Fatty Acyls,Fatty acid esters,Acyl carnitines,,,,,
arachidoyl ethanolamide (20:0)*,9,Organic compounds,Organic nitrogen compounds,Organonitrogen compounds,Amines,Alkanolamines,"1,2-aminoalcohols",N-acylethanolamines,,,
cytosine,9,Organic compounds,Organoheterocyclic compounds,Diazines,Pyrimidines and pyrimidine derivatives,Pyrimidones,,,,,
dihydroorotate,9,Organic compounds,Organic acids and derivatives,Carboxylic acids and derivatives,"Amino acids, peptides, and analogues",Amino acids and derivatives,Alpha amino acids and derivatives,,,,
gentisate,9,Organic compounds,Benzenoids,Benzene and substituted derivatives,Benzoic acids and derivatives,Hydroxybenzoic acid derivatives,,,,,
guanosine,9,Organic compounds,"Nucleosides, nucleotides, and analogues",Purine nucleosides,,,,,,,
lactose,9,Organic compounds,Organic oxygen compounds,Organooxygen compounds,Carbohydrates and carbohydrate conjugates,Glycosyl compounds,O-glycosyl compounds,,,,
N-acetyltaurine,9,Organic compounds,Organic acids and derivatives,Organic sulfonic acids and derivatives,Organosulfonic acids and derivatives,Organosulfonic acids,,,,,
N-acetyltyrosine,9,Organic compounds,Organic acids and derivatives,Carboxylic acids and derivatives,"Amino acids, peptides, and analogues",Amino acids and derivatives,Alpha amino acids and derivatives,Tyrosine and derivatives,,,
pterin,9,Organic compounds,Organoheterocyclic compounds,Pteridines and derivatives,Pterins and derivatives,,,,,,
taurocholate,9,Organic compounds,Lipids and lipid-like molecules,Steroids and steroid derivatives,"Bile acids, alcohols and derivatives","Hydroxy bile acids, alcohols and derivatives","Trihydroxy bile acids, alcohols and derivatives",,,,
tryptophylglycine,9,Organic compounds,Organic acids and derivatives,Carboxylic acids and derivatives,"Amino acids, peptides, and analogues",Peptides,Dipeptides,,,,
2-acetamidobutanoate,10,Organic compounds,Organic acids and derivatives,Carboxylic acids and derivatives,"Amino acids, peptides, and analogues",Amino acids and derivatives,Alpha amino acids and derivatives,N-acyl-alpha amino acids and derivatives,N-acyl-alpha amino acids,,
2-hydroxyphenylacetate,10,Organic compounds,Benzenoids,Benzene and substituted derivatives,Phenylacetic acids,2(hydroxyphenyl)acetic acids,,,,,
2-methylbutyrylcarnitine (C5),10,Organic compounds,Lipids and lipid-like molecules,Fatty Acyls,Fatty acid esters,Acyl carnitines,,,,,
2-oxindole-3-acetate,10,Organic compounds,Organoheterocyclic compounds,Indoles and derivatives,Indolyl carboxylic acids and derivatives,,,,,,
3-methylglutarylcarnitine (2),10,Organic compounds,Lipids and lipid-like molecules,Fatty Acyls,Fatty acid esters,Acyl carnitines,,,,,
arabinose,10,Organic compounds,Organic oxygen compounds,Organooxygen compounds,Carbohydrates and carbohydrate conjugates,Monosaccharides,Pentoses,,,,
arachidonoyl ethanolamide,10,Organic compounds,Organic nitrogen compounds,Organonitrogen compounds,Amines,Alkanolamines,"1,2-aminoalcohols",N-acylethanolamines,,,
chrysoeriol,10,Organic compounds,Phenylpropanoids and polyketides,Flavonoids,O-methylated flavonoids,3'-O-methylated flavonoids,,,,,
epiandrosterone sulfate,10,Organic compounds,Lipids and lipid-like molecules,Steroids and steroid derivatives,Sulfated steroids,,,,,,
erythritol,10,Organic compounds,Organic oxygen compounds,Organooxygen compounds,Carbohydrates and carbohydrate conjugates,Sugar alcohols,,,,,
gamma-glutamylphenylalanine,10,Organic compounds,Organic acids and derivatives,Carboxylic acids and derivatives,"Amino acids, peptides, and analogues",Amino acids and derivatives,Alpha amino acids and derivatives,Phenylalanine and derivatives,,,
laurylcarnitine (C12),10,Organic compounds,Lipids and lipid-like molecules,Fatty Acyls,Fatty acid esters,Acyl carnitines,,,,,
N-acetylpyrraline,10,Organic compounds,Organoheterocyclic compounds,Pyrrolines,,,,,,,
N-propionylalanine,10,Organic compounds,Organic acids and derivatives,Carboxylic acids and derivatives,"Amino acids, peptides, and analogues",Amino acids and derivatives,Alpha amino acids and derivatives,N-acyl-alpha amino acids and derivatives,N-acyl-alpha amino acids,,
phenylacetylglutamine,10,Organic compounds,Organic acids and derivatives,Carboxylic acids and derivatives,"Amino acids, peptides, and analogues",Amino acids and derivatives,Alpha amino acids and derivatives,N-acyl-alpha amino acids and derivatives,N-acyl-alpha amino acids,,
picolinate,10,Organic compounds,Organoheterocyclic compounds,Pyridines and derivatives,Pyridinecarboxylic acids and derivatives,Pyridinecarboxylic acids,,,,,
"sphingomyelin (d18:1/24:1, d18:2/24:0)*",10,Organic compounds,Lipids and lipid-like molecules,Sphingolipids,Phosphosphingolipids,,,,,,
tetrahydrocortisone,10,Organic compounds,Lipids and lipid-like molecules,Steroids and steroid derivatives,Hydroxysteroids,21-hydroxysteroids,,,,,
valerate (5:0),10,Organic compounds,Lipids and lipid-like molecules,Fatty Acyls,Fatty acids and conjugates,Straight chain fatty acids,,,,,
vanillactate,10,Organic compounds,Phenylpropanoids and polyketides,Phenylpropanoic acids,,,,,,,
vitexin,10,Organic compounds,Phenylpropanoids and polyketides,Flavonoids,Flavonoid glycosides,Flavonoid C-glycosides,Flavonoid 8-C-glycosides,,,,
"12,13-DiHOME",11,Organic compounds,Lipids and lipid-like molecules,Fatty Acyls,Fatty acids and conjugates,Long-chain fatty acids,,,,,
agmatine,11,Organic compounds,Organic nitrogen compounds,Organonitrogen compounds,Guanidines,,,,,,
"bilirubin (E,Z or Z,E)*",11,Organic compounds,Organoheterocyclic compounds,Tetrapyrroles and derivatives,Bilirubins,,,,,,
caffeine,11,Organic compounds,Organoheterocyclic compounds,Imidazopyrimidines,Purines and purine derivatives,Xanthines,,,,,
catechin,11,Organic compounds,Phenylpropanoids and polyketides,Flavonoids,Flavans,Flavan-3-ols,Catechins,,,,
gamma-glutamylalanine,11,Organic compounds,Organic acids and derivatives,Carboxylic acids and derivatives,"Amino acids, peptides, and analogues",Peptides,Dipeptides,,,,
N-acetyl-1-methylhistidine*,11,Organic compounds,Organic acids and derivatives,Carboxylic acids and derivatives,"Amino acids, peptides, and analogues",Amino acids and derivatives,Alpha amino acids and derivatives,Histidine and derivatives,,,
palmitoyl-linoleoyl-glycerol (16:0/18:2) [1]*,11,Organic compounds,Lipids and lipid-like molecules,Fatty Acyls,Lineolic acids and derivatives,,,,,,
phenol sulfate,11,Organic compounds,Organic acids and derivatives,Organic sulfuric acids and derivatives,Arylsulfates,Phenylsulfates,,,,,
phenylacetylglutamate,11,Organic compounds,Organic acids and derivatives,Carboxylic acids and derivatives,"Amino acids, peptides, and analogues",Amino acids and derivatives,Alpha amino acids and derivatives,Glutamic acid and derivatives,,,
sedoheptulose,11,Organic compounds,Organic oxygen compounds,Organooxygen compounds,Carbohydrates and carbohydrate conjugates,Monosaccharides,Heptoses,,,,
"1,6-anhydroglucose",12,Organic compounds,Organoheterocyclic compounds,Oxepanes,,,,,,,
1-linoleoyl-digalactosylglycerol (18:2)*,12,Organic compounds,Lipids and lipid-like molecules,Glycerolipids,Glycosylglycerols,3-O-beta-D-digalactosyl-sn-glycerols,1-acyl-3-O-beta-D-digalactosyl-sn-glycerols,,,,
1-linoleoyl-GPE (18:2)*,12,Organic compounds,Lipids and lipid-like molecules,Glycerophospholipids,Glycerophosphoethanolamines,Lysophosphatidylethanolamines,1-acyl-sn-glycero-3-phosphoethanolamines,,,,
2-palmitoyl-GPC* (16:0)*,12,Organic compounds,Lipids and lipid-like molecules,Glycerophospholipids,Glycerophosphocholines,Lysophosphatidylcholines,2-acyl-sn-glycero-3-phosphocholines,,,,
3-methyl-2-oxobutyrate,12,Organic compounds,Organic acids and derivatives,Keto acids and derivatives,Short-chain keto acids and derivatives,,,,,,
4-hydroxybenzoate,12,Organic compounds,Benzenoids,Benzene and substituted derivatives,Benzoic acids and derivatives,Hydroxybenzoic acid derivatives,,,,,
5-acetylamino-6-formylamino-3-methyluracil,12,Organic compounds,Organoheterocyclic compounds,Diazines,Pyrimidines and pyrimidine derivatives,Hydroxypyrimidines,,,,,
ectoine,12,Organic compounds,Organic acids and derivatives,Carboxylic acids and derivatives,"Amino acids, peptides, and analogues",Amino acids and derivatives,Alpha amino acids and derivatives,Alpha amino acids,L-alpha-amino acids,,
eriodictyol,12,Organic compounds,Phenylpropanoids and polyketides,Flavonoids,Flavans,Flavanones,,,,,
gamma-glutamylisoleucine*,12,Organic compounds,Organic acids and derivatives,Carboxylic acids and derivatives,"Amino acids, peptides, and analogues",Peptides,Dipeptides,,,,
hypotaurine,12,Organic compounds,Organic acids and derivatives,Sulfinic acids and derivatives,Sulfinic acids,,,,,,
leucylglycine,12,Organic compounds,Organic acids and derivatives,Carboxylic acids and derivatives,"Amino acids, peptides, and analogues",Peptides,Dipeptides,,,,
luteolin,12,Organic compounds,Phenylpropanoids and polyketides,Flavonoids,Flavones,,,,,,
myristoleoylcarnitine (C14:1)*,12,Organic compounds,Lipids and lipid-like molecules,Fatty Acyls,Fatty acid esters,Acyl carnitines,,,,,
N-oleoylglycine,12,Organic compounds,Organic acids and derivatives,Carboxylic acids and derivatives,"Amino acids, peptides, and analogues",Amino acids and derivatives,Alpha amino acids and derivatives,N-acyl-alpha amino acids and derivatives,N-acyl-alpha amino acids,,
soyasaponin I,12,Organic compounds,Lipids and lipid-like molecules,Prenol lipids,Terpene glycosides,Triterpene glycosides,Triterpene saponins,,,,
sucralose,12,Organic compounds,Organic oxygen compounds,Organooxygen compounds,Carbohydrates and carbohydrate conjugates,Glycosyl compounds,C-glycosyl compounds,,,,
tartarate,12,Organic compounds,Organic oxygen compounds,Organooxygen compounds,Carbohydrates and carbohydrate conjugates,Sugar acids and derivatives,,,,,
tartronate (hydroxymalonate),12,Organic compounds,Organic acids and derivatives,Carboxylic acids and derivatives,Dicarboxylic acids and derivatives,,,,,,
vanillic acid glycine,12,Organic compounds,Benzenoids,Benzene and substituted derivatives,Benzoic acids and derivatives,Benzamides,Hippuric acids and derivatives,Hippuric acids,,,
"1,3-dimethylurate",13,Organic compounds,Organoheterocyclic compounds,Imidazopyrimidines,Purines and purine derivatives,Xanthines,,,,,
2-hydroxyheptanoate*,13,Organic compounds,Lipids and lipid-like molecules,Fatty Acyls,Fatty acids and conjugates,Medium-chain fatty acids,,,,,
3beta-hydroxy-5-cholestenoate,13,Organic compounds,Lipids and lipid-like molecules,Steroids and steroid derivatives,"Bile acids, alcohols and derivatives","Hydroxy bile acids, alcohols and derivatives","Monohydroxy bile acids, alcohols and derivatives",,,,
behenoyl ethanolamide (22:0)*,13,Organic compounds,Organic nitrogen compounds,Organonitrogen compounds,Amines,Alkanolamines,"1,2-aminoalcohols",N-acylethanolamines,,,
beta-hydroxyisovalerate,13,Organic compounds,Lipids and lipid-like molecules,Fatty Acyls,Fatty acids and conjugates,Hydroxy fatty acids,,,,,
daidzein,13,Organic compounds,Phenylpropanoids and polyketides,Isoflavonoids,Isoflav-2-enes,Isoflavones,,,,,
glutarylcarnitine (C5-DC),13,Organic compounds,Lipids and lipid-like molecules,Fatty Acyls,Fatty acid esters,Acyl carnitines,,,,,
"N,N-dimethylalanine",13,Organic compounds,Organic acids and derivatives,Carboxylic acids and derivatives,"Amino acids, peptides, and analogues",Amino acids and derivatives,Alpha amino acids and derivatives,Alanine and derivatives,,,
N-methyl-GABA,13,Organic compounds,Organic acids and derivatives,Carboxylic acids and derivatives,"Amino acids, peptides, and analogues",Amino acids and derivatives,Gamma amino acids and derivatives,,,,
sarcosine,13,Organic compounds,Organic acids and derivatives,Carboxylic acids and derivatives,"Amino acids, peptides, and analogues",Amino acids and derivatives,Alpha amino acids and derivatives,Alpha amino acids,,,
vanillin,13,Organic compounds,Benzenoids,Phenols,Methoxyphenols,,,,,,
12-dehydrocholate,14,Organic compounds,Lipids and lipid-like molecules,Steroids and steroid derivatives,"Bile acids, alcohols and derivatives","Hydroxy bile acids, alcohols and derivatives","Dihydroxy bile acids, alcohols and derivatives",,,,
2-oxo-1-pyrrolidinepropionate,14,Organic compounds,Organoheterocyclic compounds,Pyrrolidines,N-alkylpyrrolidines,,,,,,
5-methylthioadenosine (MTA),14,Organic compounds,"Nucleosides, nucleotides, and analogues",5'-deoxyribonucleosides,5'-deoxy-5'-thionucleosides,,,,,,
8-hydroxyguanine,14,Organic compounds,Organoheterocyclic compounds,Imidazopyrimidines,Purines and purine derivatives,,,,,,
argininosuccinate,14,Organic compounds,Organic acids and derivatives,Carboxylic acids and derivatives,"Amino acids, peptides, and analogues",Amino acids and derivatives,Alpha amino acids and derivatives,Aspartic acid and derivatives,,,
"bilirubin (E,E)*",14,Organic compounds,Organoheterocyclic compounds,Tetrapyrroles and derivatives,Bilirubins,,,,,,
C-glycosyltryptophan,14,Organic compounds,Organoheterocyclic compounds,Indoles and derivatives,Indolyl carboxylic acids and derivatives,,,,,,
citrate,14,Organic compounds,Organic acids and derivatives,Carboxylic acids and derivatives,Tricarboxylic acids and derivatives,,,,,,
ergosterol,14,Organic compounds,Lipids and lipid-like molecules,Steroids and steroid derivatives,Ergostane steroids,Ergosterols and derivatives,,,,,
gamma-glutamyl-alpha-lysine,14,Organic compounds,Organic acids and derivatives,Carboxylic acids and derivatives,"Amino acids, peptides, and analogues",Peptides,Dipeptides,,,,
heptadecatrienoate (17:3)*,14,Organic compounds,Lipids and lipid-like molecules,Fatty Acyls,Fatty acids and conjugates,Long-chain fatty acids,,,,,
histidine betaine (hercynine)*,14,Organic compounds,Organic acids and derivatives,Carboxylic acids and derivatives,"Amino acids, peptides, and analogues",Amino acids and derivatives,Alpha amino acids and derivatives,Histidine and derivatives,,,
indole,14,Organic compounds,Organoheterocyclic compounds,Indoles and derivatives,Indoles,,,,,,
isocaproate (i6:0),14,Organic compounds,Lipids and lipid-like molecules,Fatty Acyls,Fatty acids and conjugates,Branched fatty acids,Methyl-branched fatty acids,,,,
N-acetyl-3-methylhistidine*,14,Organic compounds,Organic acids and derivatives,Carboxylic acids and derivatives,"Amino acids, peptides, and analogues",Amino acids and derivatives,Alpha amino acids and derivatives,Histidine and derivatives,,,
N-acetylcarnosine,14,Organic compounds,Organic acids and derivatives,Peptidomimetics,Hybrid peptides,,,,,,
N-acetylsphingosine,14,Organic compounds,Lipids and lipid-like molecules,Sphingolipids,Ceramides,,,,,,
N-propionylmethionine,14,Organic compounds,Organic acids and derivatives,Carboxylic acids and derivatives,"Amino acids, peptides, and analogues",Amino acids and derivatives,Alpha amino acids and derivatives,Methionine and derivatives,,,
phenylacetylaspartate,14,Organic compounds,Organic acids and derivatives,Carboxylic acids and derivatives,"Amino acids, peptides, and analogues",Amino acids and derivatives,Alpha amino acids and derivatives,Aspartic acid and derivatives,,,
taurochenodeoxycholate,14,Organic compounds,Lipids and lipid-like molecules,Steroids and steroid derivatives,"Bile acids, alcohols and derivatives",Taurinated bile acids and derivatives,,,,,
taurolithocholate 3-sulfate,14,Organic compounds,Lipids and lipid-like molecules,Steroids and steroid derivatives,"Bile acids, alcohols and derivatives",Taurinated bile acids and derivatives,,,,,
beta-citrylglutamate,15,Organic compounds,Organic acids and derivatives,Carboxylic acids and derivatives,"Amino acids, peptides, and analogues",Amino acids and derivatives,Alpha amino acids and derivatives,Glutamic acid and derivatives,,,
dimethyl sulfone,15,Organic compounds,Organosulfur compounds,Sulfonyls,Sulfones,,,,,,
diosmetin,15,Organic compounds,Phenylpropanoids and polyketides,Flavonoids,O-methylated flavonoids,4'-O-methylated flavonoids,,,,,
mannose,15,Organic compounds,Organic oxygen compounds,Organooxygen compounds,Carbohydrates and carbohydrate conjugates,Monosaccharides,Hexoses,,,,
ribitol,15,Organic compounds,Organic oxygen compounds,Organooxygen compounds,Carbohydrates and carbohydrate conjugates,Sugar alcohols,,,,,
1-linoleoyl-GPC (18:2),16,Organic compounds,Lipids and lipid-like molecules,Glycerophospholipids,Glycerophosphocholines,Lysophosphatidylcholines,1-acyl-sn-glycero-3-phosphocholines,,,,
chlorogenate,16,Organic compounds,Organic oxygen compounds,Organooxygen compounds,Alcohols and polyols,Cyclic alcohols and derivatives,Cyclitols and derivatives,Quinic acids and derivatives,,,
gamma-CEHC,16,Organic compounds,Organoheterocyclic compounds,Benzopyrans,1-benzopyrans,,,,,,
gamma-glutamylvaline,16,Organic compounds,Organic acids and derivatives,Carboxylic acids and derivatives,"Amino acids, peptides, and analogues",Peptides,Dipeptides,,,,
hesperidin,16,Organic compounds,Phenylpropanoids and polyketides,Flavonoids,Flavonoid glycosides,Flavonoid O-glycosides,Flavonoid-7-O-glycosides,,,,
orotidine,16,Organic compounds,"Nucleosides, nucleotides, and analogues",Pyrimidine nucleosides,,,,,,,
p-cresol sulfate,16,Organic compounds,Organic acids and derivatives,Organic sulfuric acids and derivatives,Arylsulfates,Phenylsulfates,,,,,
pimelate (C7-DC),16,Organic compounds,Lipids and lipid-like molecules,Fatty Acyls,Fatty acids and conjugates,Medium-chain fatty acids,,,,,
3-hydroxyoctanoate,17,Organic compounds,Organic acids and derivatives,Hydroxy acids and derivatives,Medium-chain hydroxy acids and derivatives,,,,,,
4-hydroxyhippurate,17,Organic compounds,Benzenoids,Benzene and substituted derivatives,Benzoic acids and derivatives,Benzamides,Hippuric acids and derivatives,Hippuric acids,,,
decanoylcarnitine (C10),17,Organic compounds,Lipids and lipid-like molecules,Fatty Acyls,Fatty acid esters,Acyl carnitines,,,,,
indolin-2-one,17,Organic compounds,Organoheterocyclic compounds,Indoles and derivatives,Indolines,,,,,,
isoursodeoxycholate,17,Organic compounds,Lipids and lipid-like molecules,Steroids and steroid derivatives,"Bile acids, alcohols and derivatives","Hydroxy bile acids, alcohols and derivatives","Dihydroxy bile acids, alcohols and derivatives",,,,
isovitexin,17,Organic compounds,Phenylpropanoids and polyketides,Flavonoids,Flavonoid glycosides,Flavonoid C-glycosides,,,,,
N-carbamoylaspartate,17,Organic compounds,Organic acids and derivatives,Carboxylic acids and derivatives,"Amino acids, peptides, and analogues",Amino acids and derivatives,Alpha amino acids and derivatives,Aspartic acid and derivatives,,,
N-methylleucine,17,Organic compounds,Organic acids and derivatives,Carboxylic acids and derivatives,"Amino acids, peptides, and analogues",Amino acids and derivatives,Alpha amino acids and derivatives,Leucine and derivatives,,,
N-succinyl-leucine,17,Organic compounds,Organic acids and derivatives,Carboxylic acids and derivatives,"Amino acids, peptides, and analogues",Amino acids and derivatives,Alpha amino acids and derivatives,Leucine and derivatives,,,
tauroursodeoxycholate,17,Organic compounds,Lipids and lipid-like molecules,Steroids and steroid derivatives,"Bile acids, alcohols and derivatives",Taurinated bile acids and derivatives,,,,,
xylose,17,Organic compounds,Organic oxygen compounds,Organooxygen compounds,Carbohydrates and carbohydrate conjugates,Monosaccharides,Pentoses,,,,
2-methylmalonylcarnitine (C4-DC),18,Organic compounds,Lipids and lipid-like molecules,Fatty Acyls,Fatty acid esters,Acyl carnitines,,,,,
3-hydroxystachydrine*,18,Organic compounds,Organic acids and derivatives,Carboxylic acids and derivatives,"Amino acids, peptides, and analogues",Amino acids and derivatives,Alpha amino acids and derivatives,Proline and derivatives,,,
3-hydroxystearate,18,Organic compounds,Lipids and lipid-like molecules,Fatty Acyls,Fatty acids and conjugates,Long-chain fatty acids,,,,,
"5,6-dihydrouracil",18,Organic compounds,Organoheterocyclic compounds,Diazines,Pyrimidines and pyrimidine derivatives,Pyrimidones,,,,,
butyrylglycine (C4),18,Organic compounds,Organic acids and derivatives,Carboxylic acids and derivatives,"Amino acids, peptides, and analogues",Amino acids and derivatives,Alpha amino acids and derivatives,N-acyl-alpha amino acids and derivatives,N-acyl-alpha amino acids,,
dexpanthenol,18,Organic compounds,Lipids and lipid-like molecules,Fatty Acyls,Fatty amides,N-acyl amines,,,,,
epicatechin,18,Organic compounds,Phenylpropanoids and polyketides,Flavonoids,Flavans,Flavan-3-ols,Catechins,,,,
N-carbamoylalanine,18,Organic compounds,Organic acids and derivatives,Carboxylic acids and derivatives,"Amino acids, peptides, and analogues",Amino acids and derivatives,Alpha amino acids and derivatives,N-carbamoyl-alpha amino acids and derivatives,N-carbamoyl-alpha amino acids,,
pseudouridine,18,Organic compounds,"Nucleosides, nucleotides, and analogues",Nucleoside and nucleotide analogues,,,,,,,
pyridoxine (Vitamin B6),18,Organic compounds,Organoheterocyclic compounds,Pyridines and derivatives,Pyridoxines,,,,,,
tetrahydrocortisol glucuronide ,18,Organic compounds,Lipids and lipid-like molecules,Steroids and steroid derivatives,Steroidal glycosides,Steroid glucuronide conjugates,,,,,
tryptamine,18,Organic compounds,Organoheterocyclic compounds,Indoles and derivatives,Tryptamines and derivatives,,,,,,
2-myristoylglycerol (14:0),19,Organic compounds,Lipids and lipid-like molecules,Glycerolipids,Monoradylglycerols,Monoacylglycerols,2-monoacylglycerols,,,,
3-phenylpropionate (hydrocinnamate),19,Organic compounds,Phenylpropanoids and polyketides,Phenylpropanoic acids,,,,,,,
"5,6-dihydrothymine",19,Organic compounds,Organoheterocyclic compounds,Diazines,Pyrimidines and pyrimidine derivatives,Hydropyrimidines,,,,,
8-hydroxyoctanoate,19,Organic compounds,Organic acids and derivatives,Hydroxy acids and derivatives,Medium-chain hydroxy acids and derivatives,,,,,,
cortolone glucuronide (1),19,Organic compounds,Lipids and lipid-like molecules,Steroids and steroid derivatives,Steroidal glycosides,,,,,,
dihydroferulic acid sulfate,19,Organic compounds,Organic acids and derivatives,Organic sulfuric acids and derivatives,Arylsulfates,Phenylsulfates,,,,,
guanidinosuccinate,19,Organic compounds,Organic acids and derivatives,Carboxylic acids and derivatives,"Amino acids, peptides, and analogues",Amino acids and derivatives,Alpha amino acids and derivatives,Aspartic acid and derivatives,,,
methionine sulfone,19,Organic compounds,Organic acids and derivatives,Carboxylic acids and derivatives,"Amino acids, peptides, and analogues",Amino acids and derivatives,Alpha amino acids and derivatives,Alpha amino acids,,,
N1-methylinosine,19,Organic compounds,"Nucleosides, nucleotides, and analogues",Purine nucleosides,,,,,,,
paraxanthine,19,Organic compounds,Organoheterocyclic compounds,Imidazopyrimidines,Purines and purine derivatives,Xanthines,,,,,
ponciretin,19,Organic compounds,Phenylpropanoids and polyketides,Flavonoids,O-methylated flavonoids,4'-O-methylated flavonoids,,,,,
tyrosylglycine,19,Organic compounds,Organic acids and derivatives,Carboxylic acids and derivatives,"Amino acids, peptides, and analogues",Peptides,Dipeptides,,,,
(R)-salsolinol,20,Organic compounds,Organoheterocyclic compounds,Tetrahydroisoquinolines,,,,,,,
gamma-glutamyltyrosine,20,Organic compounds,Organic acids and derivatives,Carboxylic acids and derivatives,"Amino acids, peptides, and analogues",Amino acids and derivatives,Alpha amino acids and derivatives,Tyrosine and derivatives,,,
lanosterol,20,Organic compounds,Lipids and lipid-like molecules,Prenol lipids,Triterpenoids,,,,,,
linolenoyl-linolenoyl-glycerol (18:3/18:3) [2]*,20,Organic compounds,Lipids and lipid-like molecules,Fatty Acyls,Lineolic acids and derivatives,,,,,,
maltol,20,Organic compounds,Organoheterocyclic compounds,Pyrans,Pyranones and derivatives,,,,,,
myristoylcarnitine (C14),20,Organic compounds,Lipids and lipid-like molecules,Fatty Acyls,Fatty acid esters,Acyl carnitines,,,,,
palmitoylcholine,20,Organic compounds,Organic nitrogen compounds,Organonitrogen compounds,Quaternary ammonium salts,Cholines,Acyl cholines,,,,
syringaldehyde,20,Organic compounds,Benzenoids,Phenols,Methoxyphenols,,,,,,
taurochenodeoxycholic acid 3-sulfate,20,Organic compounds,Lipids and lipid-like molecules,Steroids and steroid derivatives,"Bile acids, alcohols and derivatives",Taurinated bile acids and derivatives,,,,,
1-myristoyl-2-palmitoyl-GPC (14:0/16:0),21,Organic compounds,Lipids and lipid-like molecules,Glycerophospholipids,Glycerophosphocholines,Phosphatidylcholines,,,,,
"2,8-quinolinediol",21,Organic compounds,Organoheterocyclic compounds,Quinolines and derivatives,Quinolones and derivatives,,,,,,
dihydrokaempferol,21,Organic compounds,Phenylpropanoids and polyketides,Flavonoids,Flavans,Flavanones,Flavanonols,,,,
gamma-glutamylglutamate,21,Organic compounds,Organic acids and derivatives,Carboxylic acids and derivatives,"Amino acids, peptides, and analogues",Amino acids and derivatives,Alpha amino acids and derivatives,Glutamic acid and derivatives,,,
glycyrrhetinate,21,Organic compounds,Lipids and lipid-like molecules,Prenol lipids,Triterpenoids,,,,,,
leucylalanine,21,Organic compounds,Organic acids and derivatives,Carboxylic acids and derivatives,"Amino acids, peptides, and analogues",Peptides,Dipeptides,,,,
N(1)-acetylspermine,21,Organic compounds,Organic acids and derivatives,Carboxylic acids and derivatives,Carboxylic acid derivatives,Carboxylic acid amides,Acetamides,,,,
tiglyl carnitine (C5),21,Organic compounds,Lipids and lipid-like molecules,Fatty Acyls,Fatty acid esters,Acyl carnitines,,,,,
"1,2-dilinolenoyl-galactosylglycerol (18:3/18:3)*",22,Organic compounds,Lipids and lipid-like molecules,Glycerolipids,Glycosylglycerols,Glycosyldiradylglycerols,Glycosyldiacylglycerols,"1,2-diacyl-3-O-beta-D-galactosyl-sn-glycerols",,,
"1,3-propanediol",22,Organic compounds,Organic oxygen compounds,Organooxygen compounds,Alcohols and polyols,Primary alcohols,,,,,
1-palmitoyl-2-arachidonoyl-GPC (16:0/20:4n6),22,Organic compounds,Lipids and lipid-like molecules,Glycerophospholipids,Glycerophosphocholines,Phosphatidylcholines,,,,,
1-ribosyl-imidazoleacetate*,22,Organic compounds,"Nucleosides, nucleotides, and analogues",Imidazole ribonucleosides and ribonucleotides,,,,,,,
"3,4-dihydroxyphenylacetate",22,Organic compounds,Benzenoids,Phenols,Benzenediols,Catechols,,,,,
3-hydroxy-2-methylpyridine,22,Organic compounds,Organoheterocyclic compounds,Pyridines and derivatives,Methylpyridines,,,,,,
3-hydroxymargarate,22,Organic compounds,Lipids and lipid-like molecules,Fatty Acyls,Fatty acids and conjugates,Long-chain fatty acids,,,,,
behenoyl sphingomyelin (d18:1/22:0)*,22,Organic compounds,Lipids and lipid-like molecules,Sphingolipids,Phosphosphingolipids,,,,,,
biocytin,22,Organic compounds,Organic acids and derivatives,Carboxylic acids and derivatives,"Amino acids, peptides, and analogues",Amino acids and derivatives,Alpha amino acids and derivatives,Alpha amino acids,L-alpha-amino acids,,
dihydroquercetin,22,Organic compounds,Phenylpropanoids and polyketides,Flavonoids,Flavans,Flavanones,Flavanonols,,,,
etiocholanolone glucuronide,22,Organic compounds,Lipids and lipid-like molecules,Steroids and steroid derivatives,Steroidal glycosides,Steroid glucuronide conjugates,,,,,
isobutyrylcarnitine (C4),22,Organic compounds,Lipids and lipid-like molecules,Fatty Acyls,Fatty acid esters,Acyl carnitines,,,,,
levulinate (4-oxovalerate),22,Organic compounds,Organic acids and derivatives,Keto acids and derivatives,Gamma-keto acids and derivatives,,,,,,
methyl indole-3-acetate,22,Organic compounds,Organoheterocyclic compounds,Indoles and derivatives,Indolyl carboxylic acids and derivatives,Indole-3-acetic acid derivatives,,,,,
retinol (Vitamin A),22,Organic compounds,Lipids and lipid-like molecules,Prenol lipids,Retinoids,,,,,,
spermine,22,Organic compounds,Organic nitrogen compounds,Organonitrogen compounds,Amines,Secondary amines,Dialkylamines,,,,
"sphingomyelin (d18:1/20:0, d16:1/22:0)*",22,Organic compounds,Lipids and lipid-like molecules,Sphingolipids,Phosphosphingolipids,,,,,,
"1,5-anhydroglucitol (1,5-AG)",23,Organic compounds,Organic oxygen compounds,Organooxygen compounds,Carbohydrates and carbohydrate conjugates,Monosaccharides,,,,,
2-stearoyl-GPE (18:0)*,23,Organic compounds,Lipids and lipid-like molecules,Glycerophospholipids,Glycerophosphoethanolamines,Lysophosphatidylethanolamines,2-acyl-sn-glycero-3-phosphoethanolamines,,,,
"3,5-dihydroxyphenylpropionate",23,Organic compounds,Phenylpropanoids and polyketides,Phenylpropanoic acids,,,,,,,
3-hydroxyhexanoate,23,Organic compounds,Organic acids and derivatives,Hydroxy acids and derivatives,Medium-chain hydroxy acids and derivatives,,,,,,
4-acetamidobenzoate,23,Organic compounds,Benzenoids,Benzene and substituted derivatives,Benzoic acids and derivatives,Benzoic acids,,,,,
ascorbic acid 3-sulfate*,23,Organic compounds,Organoheterocyclic compounds,Dihydrofurans,Furanones,Butenolides,,,,,
lithocholate,23,Organic compounds,Lipids and lipid-like molecules,Steroids and steroid derivatives,"Bile acids, alcohols and derivatives","Hydroxy bile acids, alcohols and derivatives","Monohydroxy bile acids, alcohols and derivatives",,,,
pantetheine,23,Organic compounds,Organic acids and derivatives,Carboxylic acids and derivatives,"Amino acids, peptides, and analogues",Amino acids and derivatives,Beta amino acids and derivatives,,,,
propionylcarnitine (C3),23,Organic compounds,Lipids and lipid-like molecules,Fatty Acyls,Fatty acid esters,Acyl carnitines,,,,,
"sphingomyelin (d18:2/24:1, d18:1/24:2)*",23,Organic compounds,Lipids and lipid-like molecules,Sphingolipids,Phosphosphingolipids,Sphingomyelins,,,,,
vanillylmandelate (VMA),23,Organic compounds,Benzenoids,Phenols,Methoxyphenols,,,,,,
3-(N-acetyl-L-cystein-S-yl) acetaminophen,24,Organic compounds,Organic acids and derivatives,Carboxylic acids and derivatives,"Amino acids, peptides, and analogues",Amino acids and derivatives,Alpha amino acids and derivatives,N-acyl-alpha amino acids and derivatives,N-acyl-alpha amino acids,N-acyl-L-alpha-amino acids,
allo-threonine,24,Organic compounds,Organic acids and derivatives,Carboxylic acids and derivatives,"Amino acids, peptides, and analogues",Amino acids and derivatives,Alpha amino acids and derivatives,Alpha amino acids,L-alpha-amino acids,,
dopamine 3-O-sulfate,24,Organic compounds,Organic acids and derivatives,Organic sulfuric acids and derivatives,Arylsulfates,Phenylsulfates,,,,,
N-succinyl-phenylalanine,24,Organic compounds,Organic acids and derivatives,Carboxylic acids and derivatives,"Amino acids, peptides, and analogues",Amino acids and derivatives,Alpha amino acids and derivatives,Phenylalanine and derivatives,,,
solanidine,24,Organic compounds,Lipids and lipid-like molecules,Steroids and steroid derivatives,Steroidal alkaloids,Solanidines and derivatives,,,,,
stearidonate (18:4n3),24,Organic compounds,Lipids and lipid-like molecules,Fatty Acyls,Lineolic acids and derivatives,,,,,,
3-hydroxymargaroylglycine,25,Organic compounds,Organic acids and derivatives,Carboxylic acids and derivatives,"Amino acids, peptides, and analogues",Amino acids and derivatives,Alpha amino acids and derivatives,N-acyl-alpha amino acids and derivatives,N-acyl-alpha amino acids,,
"5,6-dihydrouridine",25,Organic compounds,Organic oxygen compounds,Organooxygen compounds,Carbohydrates and carbohydrate conjugates,Glycosyl compounds,Glycosylamines,,,,
6'-sialyllactose,25,Organic compounds,Organic oxygen compounds,Organooxygen compounds,Carbohydrates and carbohydrate conjugates,Sugar acids and derivatives,Sugar amino acids and derivatives,Pyranoid amino acids and derivatives,Neuraminic acids and derivatives,N-acylneuraminic acids and derivatives,N-acylneuraminic acids
apiin,25,Organic compounds,Phenylpropanoids and polyketides,Flavonoids,Flavonoid glycosides,Flavonoid O-glycosides,Flavonoid-7-O-glycosides,,,,
ergothioneine,25,Organic compounds,Organic acids and derivatives,Carboxylic acids and derivatives,"Amino acids, peptides, and analogues",Amino acids and derivatives,Alpha amino acids and derivatives,Histidine and derivatives,,,
hexanoylcarnitine (C6),25,Organic compounds,Lipids and lipid-like molecules,Fatty Acyls,Fatty acid esters,Acyl carnitines,,,,,
rutin,25,Organic compounds,Phenylpropanoids and polyketides,Flavonoids,Flavonoid glycosides,Flavonoid O-glycosides,Flavonoid-3-O-glycosides,,,,
"sphingomyelin (d18:1/14:0, d16:1/16:0)*",25,Organic compounds,Lipids and lipid-like molecules,Sphingolipids,Phosphosphingolipids,,,,,,
steviol,25,Organic compounds,Lipids and lipid-like molecules,Prenol lipids,Diterpenoids,Kaurane diterpenoids,,,,,
3'-sialyllactose,26,Organic compounds,Organic oxygen compounds,Organooxygen compounds,Carbohydrates and carbohydrate conjugates,Sugar acids and derivatives,Sugar amino acids and derivatives,Pyranoid amino acids and derivatives,Neuraminic acids and derivatives,N-acylneuraminic acids and derivatives,N-acylneuraminic acids
3-hydroxyphenylacetate,26,Organic compounds,Benzenoids,Phenols,1-hydroxy-4-unsubstituted benzenoids,,,,,,
5-(2-Hydroxyethyl)-4-methylthiazole,26,Organic compounds,Organoheterocyclic compounds,Azoles,Thiazoles,"4,5-disubstituted thiazoles",,,,,
"7,12-diketolithocholate",26,Organic compounds,Lipids and lipid-like molecules,Steroids and steroid derivatives,"Bile acids, alcohols and derivatives","Hydroxy bile acids, alcohols and derivatives","Monohydroxy bile acids, alcohols and derivatives",,,,
acesulfame,26,Organic compounds,Organic acids and derivatives,Organic sulfuric acids and derivatives,,,,,,,
D-urobilin,26,Organic compounds,Organoheterocyclic compounds,Tetrapyrroles and derivatives,Bilirubins,,,,,,
kaempferol,26,Organic compounds,Phenylpropanoids and polyketides,Flavonoids,Flavones,Flavonols,,,,,
N-stearoyltaurine,26,Organic compounds,Lipids and lipid-like molecules,Fatty Acyls,Fatty amides,N-acyl amines,,,,,
"N-[3',4'-dihydroxy-(E)-cinnamoyl]-L-tyrosine",26,Organic compounds,Organic acids and derivatives,Carboxylic acids and derivatives,"Amino acids, peptides, and analogues",Amino acids and derivatives,Alpha amino acids and derivatives,Tyrosine and derivatives,,,
pregnanediol-3-glucuronide,26,Organic compounds,Lipids and lipid-like molecules,Steroids and steroid derivatives,Steroidal glycosides,Steroid glucuronide conjugates,,,,,
saccharin,26,Organic compounds,Organoheterocyclic compounds,Benzothiazoles,,,,,,,
taurohyocholate*,26,Organic compounds,Lipids and lipid-like molecules,Steroids and steroid derivatives,"Bile acids, alcohols and derivatives",Taurinated bile acids and derivatives,,,,,
vancomycin,26,Organic compounds,Organic acids and derivatives,Carboxylic acids and derivatives,"Amino acids, peptides, and analogues",Peptides,Cyclic peptides,,,,
ciliatine (2-aminoethylphosphonate),27,Organic compounds,Organic acids and derivatives,Organic phosphonic acids and derivatives,Organic phosphonic acids,,,,,,
erythrose,27,Organic compounds,Organic oxygen compounds,Organooxygen compounds,Carbohydrates and carbohydrate conjugates,Monosaccharides,,,,,
ferulic acid 4-sulfate,27,Organic compounds,Phenylpropanoids and polyketides,Cinnamic acids and derivatives,Hydroxycinnamic acids and derivatives,Coumaric acids and derivatives,,,,,
hydroxymethylpyrimidine,27,Organic compounds,Organoheterocyclic compounds,Diazines,Pyrimidines and pyrimidine derivatives,Hydropyrimidines,,,,,
octanoylcarnitine (C8),27,Organic compounds,Lipids and lipid-like molecules,Fatty Acyls,Fatty acid esters,Acyl carnitines,,,,,
secoisolariciresinol,27,Organic compounds,"Lignans, neolignans and related compounds",Dibenzylbutane lignans,Dibenzylbutanediol lignans,,,,,,
xanthosine,27,Organic compounds,"Nucleosides, nucleotides, and analogues",Purine nucleosides,,,,,,,
(12 or 13)-methylmyristate (a15:0 or i15:0),28,Organic compounds,Lipids and lipid-like molecules,Fatty Acyls,Fatty acids and conjugates,Long-chain fatty acids,,,,,
1-palmitoyl-2-stearoyl-GPC (16:0/18:0),28,Organic compounds,Lipids and lipid-like molecules,Glycerophospholipids,Glycerophosphocholines,Phosphatidylcholines,,,,,
2-hydroxyhippurate (salicylurate),28,Organic compounds,Benzenoids,Benzene and substituted derivatives,Benzoic acids and derivatives,Benzamides,Hippuric acids and derivatives,Hippuric acids,,,
3-fucosyllactose,28,Organic compounds,Organic oxygen compounds,Organooxygen compounds,Carbohydrates and carbohydrate conjugates,Oligosaccharides,,,,,
indolepropionate,28,Organic compounds,Organoheterocyclic compounds,Indoles and derivatives,Indolyl carboxylic acids and derivatives,,,,,,
isohyodeoxycholate,28,Organic compounds,Lipids and lipid-like molecules,Steroids and steroid derivatives,"Bile acids, alcohols and derivatives","Hydroxy bile acids, alcohols and derivatives","Dihydroxy bile acids, alcohols and derivatives",,,,
lignoceroyl sphingomyelin (d18:1/24:0),28,Organic compounds,Lipids and lipid-like molecules,Sphingolipids,Phosphosphingolipids,,,,,,
N-oleoyltaurine,28,Organic compounds,Lipids and lipid-like molecules,Fatty Acyls,Fatty amides,N-acyl amines,,,,,
narirutin,28,Organic compounds,Phenylpropanoids and polyketides,Flavonoids,Flavonoid glycosides,Flavonoid O-glycosides,Flavonoid-7-O-glycosides,,,,
1-(1-enyl-palmitoyl)-GPC (P-16:0)*,29,Organic compounds,Lipids and lipid-like molecules,Glycerophospholipids,Glycerophosphocholines,1Z-alkenylglycerophosphocholines,1-(1Z-alkenyl)-glycero-3-phosphocholines,,,,
1-linoleoyl-galactosylglycerol (18:2)*,29,Organic compounds,Lipids and lipid-like molecules,Glycerolipids,Glycosylglycerols,Glycosylmonoradylglycerols,Glycosylmonoacylglycerols,,,,
21-hydroxypregnanolone monosulfate (1),29,Organic compounds,Lipids and lipid-like molecules,Steroids and steroid derivatives,Sulfated steroids,,,,,,
3-(cystein-S-yl)acetaminophen*,29,Organic compounds,Organic acids and derivatives,Carboxylic acids and derivatives,"Amino acids, peptides, and analogues",Amino acids and derivatives,Alpha amino acids and derivatives,Cysteine and derivatives,,,
dimethylmalonic acid,29,Organic compounds,Organic acids and derivatives,Carboxylic acids and derivatives,Dicarboxylic acids and derivatives,,,,,,
phenylacetylglycine,29,Organic compounds,Organic acids and derivatives,Carboxylic acids and derivatives,"Amino acids, peptides, and analogues",Amino acids and derivatives,Alpha amino acids and derivatives,N-acyl-alpha amino acids and derivatives,N-acyl-alpha amino acids,,
SQDG (18:3/16:0),29,Organic compounds,Lipids and lipid-like molecules,Glycerolipids,Glycosylglycerols,Glycosyldiradylglycerols,Glycosyldiacylglycerols,Sulfoquinovosyldiacylglycerols,,,
(15:2)-anacardic acid,30,Organic compounds,Benzenoids,Benzene and substituted derivatives,Benzoic acids and derivatives,Hydroxybenzoic acid derivatives,Salicylic acid and derivatives,Salicylic acids,,,
3-methylurate*,30,Organic compounds,Organoheterocyclic compounds,Imidazopyrimidines,Purines and purine derivatives,Xanthines,,,,,
4-acetaminophen sulfate,30,Organic compounds,Organic acids and derivatives,Organic sulfuric acids and derivatives,Arylsulfates,Phenylsulfates,,,,,
4-methylthio-2-oxobutanoate,30,Organic compounds,Lipids and lipid-like molecules,Fatty Acyls,Fatty acids and conjugates,Thia fatty acids,,,,,
5-methyluridine (ribothymidine),30,Organic compounds,"Nucleosides, nucleotides, and analogues",Pyrimidine nucleosides,,,,,,,
anthranilate,30,Organic compounds,Benzenoids,Benzene and substituted derivatives,Benzoic acids and derivatives,Aminobenzoic acids and derivatives,Aminobenzoic acids,,,,
galactitol (dulcitol),30,Organic compounds,Organic oxygen compounds,Organooxygen compounds,Carbohydrates and carbohydrate conjugates,Sugar alcohols,,,,,
gamma-aminobutyrate (GABA),30,Organic compounds,Organic acids and derivatives,Carboxylic acids and derivatives,"Amino acids, peptides, and analogues",Amino acids and derivatives,Gamma amino acids and derivatives,,,,
glucosamine 6-sulfate,30,Organic compounds,Organic oxygen compounds,Organooxygen compounds,Carbohydrates and carbohydrate conjugates,Monosaccharides,Hexoses,,,,
glycitein,30,Organic compounds,Phenylpropanoids and polyketides,Isoflavonoids,Isoflav-2-enes,Isoflavones,,,,,
I-urobilinogen,30,Organic compounds,Organoheterocyclic compounds,Tetrapyrroles and derivatives,Bilirubins,,,,,,
S-allylcysteine,30,Organic compounds,Organic acids and derivatives,Carboxylic acids and derivatives,"Amino acids, peptides, and analogues",Amino acids and derivatives,Alpha amino acids and derivatives,Cysteine and derivatives,,,
2-aminophenol sulfate,31,Organic compounds,Organic acids and derivatives,Organic sulfuric acids and derivatives,Arylsulfates,Phenylsulfates,,,,,
20-hydroxyecdysone,31,Organic compounds,Lipids and lipid-like molecules,Steroids and steroid derivatives,"Bile acids, alcohols and derivatives","Hydroxy bile acids, alcohols and derivatives",,,,,
CMP,31,Organic compounds,"Nucleosides, nucleotides, and analogues",Pyrimidine nucleotides,Pyrimidine ribonucleotides,Pyrimidine ribonucleoside monophosphates,,,,,
diosmin,31,Organic compounds,Phenylpropanoids and polyketides,Flavonoids,Flavonoid glycosides,Flavonoid O-glycosides,Flavonoid-7-O-glycosides,,,,
1-methyladenosine,31,Organic compounds,"Nucleosides, nucleotides, and analogues",Purine nucleosides,,,,,,,
N6-carbamoylthreonyladenosine,31,Organic compounds,"Nucleosides, nucleotides, and analogues",Purine nucleosides,,,,,,,
phenylacetyltaurine,31,Organic compounds,Benzenoids,Benzene and substituted derivatives,Phenylacetamides,,,,,,
taurohyodeoxycholic acid,31,Organic compounds,Lipids and lipid-like molecules,Steroids and steroid derivatives,"Bile acids, alcohols and derivatives",Taurinated bile acids and derivatives,,,,,
(3'-5')-adenylylguanosine*,32,Organic compounds,"Nucleosides, nucleotides, and analogues",(3'->5')-dinucleotides and analogues,(3'->5')-dinucleotides,,,,,,
(3'-5')-adenylyluridine,32,Organic compounds,"Nucleosides, nucleotides, and analogues",(3'->5')-dinucleotides and analogues,(3'->5')-dinucleotides,,,,,,
1-arachidonylglycerol (20:4),32,Organic compounds,Lipids and lipid-like molecules,Glycerolipids,Monoradylglycerols,Monoacylglycerols,,,,,
3-carboxy-4-methyl-5-propyl-2-furanpropanoate (CMPF),32,Organic compounds,Lipids and lipid-like molecules,Fatty Acyls,Fatty acids and conjugates,Heterocyclic fatty acids,Furanoid fatty acids,,,,
4-acetamidophenol,32,Organic compounds,Benzenoids,Phenols,1-hydroxy-2-unsubstituted benzenoids,,,,,,
8-methoxykynurenate,32,Organic compounds,Organoheterocyclic compounds,Quinolines and derivatives,Quinoline carboxylic acids,,,,,,
alpha-tocopherol acetate,32,Organic compounds,Lipids and lipid-like molecules,Prenol lipids,Quinone and hydroquinone lipids,Vitamin E compounds,,,,,
androsterone glucuronide,32,Organic compounds,Lipids and lipid-like molecules,Steroids and steroid derivatives,Steroidal glycosides,Steroid glucuronide conjugates,,,,,
apigenin sulfate (1),32,Organic compounds,Phenylpropanoids and polyketides,Flavonoids,Sulfated flavonoids,3-sulfated flavonoids,,,,,
catechol,32,Organic compounds,Benzenoids,Phenols,Benzenediols,Catechols,,,,,
dipicolinate,32,Organic compounds,Organoheterocyclic compounds,Pyridines and derivatives,Pyridinecarboxylic acids and derivatives,Pyridinecarboxylic acids,,,,,
ginkgolic acid C15:1,32,Organic compounds,Benzenoids,Benzene and substituted derivatives,Benzoic acids and derivatives,Hydroxybenzoic acid derivatives,Salicylic acid and derivatives,Salicylic acids,,,
harmane,32,Organic compounds,Alkaloids and derivatives,Harmala alkaloids,,,,,,,
(3'-5')-adenylyladenosine*,33,Organic compounds,"Nucleosides, nucleotides, and analogues",(3'->5')-dinucleotides and analogues,(3'->5')-dinucleotides,,,,,,
"1,2-dilinoleoyl-galactosylglycerol (18:2/18:2)*",33,Organic compounds,Lipids and lipid-like molecules,Glycerolipids,Glycosylglycerols,Glycosyldiradylglycerols,Glycosyldiacylglycerols,"1,2-diacyl-3-O-beta-D-galactosyl-sn-glycerols",,,
1-palmitoyl-2-oleoyl-GPE (16:0/18:1),33,Organic compounds,Lipids and lipid-like molecules,Glycerophospholipids,Glycerophosphoethanolamines,Phosphatidylethanolamines,,,,,
4-hydroxybutyrate (GHB),33,Organic compounds,Lipids and lipid-like molecules,Fatty Acyls,Fatty acids and conjugates,Hydroxy fatty acids,,,,,
ibuprofen,33,Organic compounds,Phenylpropanoids and polyketides,Phenylpropanoic acids,,,,,,,
N-acetylglucosamine 6-sulfate,33,Organic compounds,Organic oxygen compounds,Organooxygen compounds,Carbohydrates and carbohydrate conjugates,Monosaccharides,Monosaccharide sulfates,,,,
N-methylphenylalanine,33,Organic compounds,Organic acids and derivatives,Carboxylic acids and derivatives,"Amino acids, peptides, and analogues",Amino acids and derivatives,Alpha amino acids and derivatives,Phenylalanine and derivatives,,,
"N2,N2-dimethylguanine",33,Organic compounds,Organoheterocyclic compounds,Imidazopyrimidines,Purines and purine derivatives,Purinones,Hypoxanthines,,,,
quercitrin,33,Organic compounds,Phenylpropanoids and polyketides,Flavonoids,Flavonoid glycosides,Flavonoid O-glycosides,Flavonoid-3-O-glycosides,,,,
tricosanoyl sphingomyelin (d18:1/23:0)*,33,Organic compounds,Lipids and lipid-like molecules,Sphingolipids,Phosphosphingolipids,,,,,,
(15:3)-anacardic acid,34,Organic compounds,Benzenoids,Benzene and substituted derivatives,Benzoic acids and derivatives,Hydroxybenzoic acid derivatives,Salicylic acid and derivatives,Salicylic acids,,,
biotin,34,Organic compounds,Organoheterocyclic compounds,Biotin and derivatives,,,,,,,
butyrylcarnitine (C4),34,Organic compounds,Lipids and lipid-like molecules,Fatty Acyls,Fatty acid esters,Acyl carnitines,,,,,
enterolactone,34,Organic compounds,"Lignans, neolignans and related compounds",Furanoid lignans,Tetrahydrofuran lignans,"9,9'-epoxylignans",Dibenzylbutyrolactone lignans,,,,
hippurate,34,Organic compounds,Benzenoids,Benzene and substituted derivatives,Benzoic acids and derivatives,Benzamides,Hippuric acids and derivatives,Hippuric acids,,,
p-cresol,34,Organic compounds,Benzenoids,Phenols,Cresols,Para cresols,,,,,
salicyluric glucuronide*,34,Organic compounds,Organic oxygen compounds,Organooxygen compounds,Carbohydrates and carbohydrate conjugates,Sugar acids and derivatives,Glucuronic acid derivatives,Glucuronides,O-glucuronides,,
2'-deoxyadenosine 5'-monophosphate,35,Organic compounds,"Nucleosides, nucleotides, and analogues",Purine nucleotides,Purine deoxyribonucleotides,Purine deoxyribonucleoside monophosphates,Purine 2'-deoxyribonucleoside monophosphates,,,,
3-hydroxypalmitate,35,Organic compounds,Lipids and lipid-like molecules,Fatty Acyls,Fatty acids and conjugates,Long-chain fatty acids,,,,,
3-ketosphinganine,35,Organic compounds,Organic oxygen compounds,Organooxygen compounds,Carbonyl compounds,Ketones,Beta-hydroxy ketones,,,,
3-ureidoisobutyrate,35,Organic compounds,Organic acids and derivatives,Organic carbonic acids and derivatives,Ureas,,,,,,
4-vinylphenol sulfate,35,Organic compounds,Organic acids and derivatives,Organic sulfuric acids and derivatives,Arylsulfates,Phenylsulfates,,,,,
dehydrolithocholate,35,Organic compounds,Lipids and lipid-like molecules,Steroids and steroid derivatives,"Bile acids, alcohols and derivatives",,,,,,
N-acetyl-S-allyl-L-cysteine,35,Organic compounds,Organic acids and derivatives,Carboxylic acids and derivatives,"Amino acids, peptides, and analogues",Amino acids and derivatives,Alpha amino acids and derivatives,N-acyl-alpha amino acids and derivatives,N-acyl-alpha amino acids,N-acyl-L-alpha-amino acids,
N-acetylthreonine,35,Organic compounds,Organic acids and derivatives,Carboxylic acids and derivatives,"Amino acids, peptides, and analogues",Amino acids and derivatives,Alpha amino acids and derivatives,N-acyl-alpha amino acids and derivatives,N-acyl-alpha amino acids,N-acyl-L-alpha-amino acids,
octadecanedioate (C18),35,Organic compounds,Lipids and lipid-like molecules,Fatty Acyls,Fatty acids and conjugates,Long-chain fatty acids,,,,,
soyasaponin II,35,Organic compounds,Lipids and lipid-like molecules,Prenol lipids,Terpene glycosides,Triterpene glycosides,Triterpene saponins,,,,
synephrine,35,Organic compounds,Benzenoids,Phenols,1-hydroxy-2-unsubstituted benzenoids,,,,,,
(3'-5')-uridylyluridine,36,Organic compounds,"Nucleosides, nucleotides, and analogues",(3'->5')-dinucleotides and analogues,(3'->5')-dinucleotides,,,,,,
11beta-hydroxyetiocholanolone glucuronide*,36,Organic compounds,Organoheterocyclic compounds,Indoles and derivatives,Hydroxyindoles,,,,,,
2'-O-methyluridine,36,Organic compounds,"Nucleosides, nucleotides, and analogues",Pyrimidine nucleosides,,,,,,,
"2,4-dihydroxyhydrocinnamate",36,Organic compounds,Phenylpropanoids and polyketides,Phenylpropanoic acids,,,,,,,
3-hydroxyhippurate,36,Organic compounds,Benzenoids,Benzene and substituted derivatives,Benzoic acids and derivatives,Benzamides,Hippuric acids and derivatives,Hippuric acids,,,
4-acetamidophenylglucuronide,36,Organic compounds,Organic oxygen compounds,Organooxygen compounds,Carbohydrates and carbohydrate conjugates,Glycosyl compounds,Phenolic glycosides,,,,
5-hydroxyhexanoate,36,Organic compounds,Lipids and lipid-like molecules,Fatty Acyls,Fatty acids and conjugates,Medium-chain fatty acids,,,,,
glycolithocholate,36,Organic compounds,Lipids and lipid-like molecules,Steroids and steroid derivatives,"Bile acids, alcohols and derivatives",Glycinated bile acids and derivatives,,,,,
indole-3-carboxylate,36,Organic compounds,Organoheterocyclic compounds,Indoles and derivatives,Indolecarboxylic acids and derivatives,,,,,,
metoprolol,36,Organic compounds,Benzenoids,Phenols,Tyrosols and derivatives,,,,,,
rosmarinate,36,Organic compounds,Phenylpropanoids and polyketides,Cinnamic acids and derivatives,Hydroxycinnamic acids and derivatives,Coumaric acids and derivatives,,,,,
taurolithocholate,36,Organic compounds,Lipids and lipid-like molecules,Steroids and steroid derivatives,"Bile acids, alcohols and derivatives",Taurinated bile acids and derivatives,,,,,
umbelliferone,36,Organic compounds,Phenylpropanoids and polyketides,Coumarins and derivatives,Hydroxycoumarins,7-hydroxycoumarins,,,,,
1-(1-enyl-palmitoyl)-2-palmitoyl-GPC (P-16:0/16:0)*,37,Organic compounds,Lipids and lipid-like molecules,Glycerophospholipids,Glycerophosphocholines,"1-(1Z-alkenyl),2-acyl-glycerophosphocholines",,,,,
12-ketolithocholate,37,Organic compounds,Lipids and lipid-like molecules,Steroids and steroid derivatives,"Bile acids, alcohols and derivatives","Hydroxy bile acids, alcohols and derivatives","Monohydroxy bile acids, alcohols and derivatives",,,,
dCMP,37,Organic compounds,"Nucleosides, nucleotides, and analogues",Pyrimidine nucleotides,Pyrimidine deoxyribonucleotides,Pyrimidine deoxyribonucleoside monophosphates,Pyrimidine 2'-deoxyribonucleoside monophosphates,,,,
2-hydroxyacetaminophen sulfate*,37,Organic compounds,Organic acids and derivatives,Organic sulfuric acids and derivatives,Arylsulfates,Phenylsulfates,,,,,
3-(3-hydroxyphenyl)propionate,37,Organic compounds,Phenylpropanoids and polyketides,Phenylpropanoic acids,,,,,,,
4-hydroxycyclohexylcarboxylic acid,37,Organic compounds,Organic oxygen compounds,Organooxygen compounds,Alcohols and polyols,Secondary alcohols,Cyclohexanols,,,,
bufotenine,37,Organic compounds,Organoheterocyclic compounds,Indoles and derivatives,Tryptamines and derivatives,Serotonins,,,,,
estrone 3-sulfate,37,Organic compounds,Lipids and lipid-like molecules,Steroids and steroid derivatives,Sulfated steroids,,,,,,
gentisic acid-5-glucoside,37,Organic compounds,Organic oxygen compounds,Organooxygen compounds,Carbohydrates and carbohydrate conjugates,Glycosyl compounds,Phenolic glycosides,,,,
heneicosapentaenoate (21:5n3),37,Organic compounds,Lipids and lipid-like molecules,Fatty Acyls,Fatty acids and conjugates,Long-chain fatty acids,,,,,
isocaproylglycine,37,Organic compounds,Organic acids and derivatives,Carboxylic acids and derivatives,"Amino acids, peptides, and analogues",Amino acids and derivatives,Alpha amino acids and derivatives,N-acyl-alpha amino acids and derivatives,N-acyl-alpha amino acids,,
10-nonadecenoate (19:1n9),38,Organic compounds,Lipids and lipid-like molecules,Fatty Acyls,Fatty acids and conjugates,Long-chain fatty acids,,,,,
"3,4-dihydroxyphenylacetate sulfate",38,Organic compounds,Organic acids and derivatives,Organic sulfuric acids and derivatives,Arylsulfates,Phenylsulfates,,,,,
3-(2-hydroxyphenyl)propionate,38,Organic compounds,Phenylpropanoids and polyketides,Phenylpropanoic acids,,,,,,,
3-hydroxybenzoate,38,Organic compounds,Benzenoids,Benzene and substituted derivatives,Benzoic acids and derivatives,Hydroxybenzoic acid derivatives,,,,,
alpha-hydroxymetoprolol,38,Organic compounds,Benzenoids,Phenol ethers,,,,,,,
atenolol,38,Organic compounds,Benzenoids,Benzene and substituted derivatives,Phenylacetamides,,,,,,
"cytidine 2',3'-cyclic monophosphate",38,Organic compounds,"Nucleosides, nucleotides, and analogues",Pyrimidine nucleotides,Cyclic pyrimidine nucleotides,"2',3'-cyclic pyrimidine nucleotides",,,,,
ginkgolic acid C17:1,38,Organic compounds,Benzenoids,Benzene and substituted derivatives,Benzoic acids and derivatives,Hydroxybenzoic acid derivatives,Salicylic acid and derivatives,Salicylic acids,,,
histidylalanine,38,Organic compounds,Organic acids and derivatives,Carboxylic acids and derivatives,"Amino acids, peptides, and analogues",Peptides,Dipeptides,,,,
indoleacetylglutamine,38,Organic compounds,Organic acids and derivatives,Carboxylic acids and derivatives,"Amino acids, peptides, and analogues",Amino acids and derivatives,Alpha amino acids and derivatives,Glutamine and derivatives,,,
indoleacrylate,38,Organic compounds,Organoheterocyclic compounds,Indoles and derivatives,Indoles,,,,,,
(15:0)-anacardic acid,39,Organic compounds,Benzenoids,Benzene and substituted derivatives,Benzoic acids and derivatives,Hydroxybenzoic acid derivatives,Salicylic acid and derivatives,Salicylic acids,,,
2-hydroxyibuprofen,39,Organic compounds,Phenylpropanoids and polyketides,Phenylpropanoic acids,,,,,,,
2-hydroxyoctanoate,39,Organic compounds,Lipids and lipid-like molecules,Fatty Acyls,Fatty acids and conjugates,Medium-chain fatty acids,,,,,
3-indoxyl sulfate,39,Organic compounds,Organic acids and derivatives,Organic sulfuric acids and derivatives,Arylsulfates,,,,,,
carboxyibuprofen,39,Organic compounds,Phenylpropanoids and polyketides,Phenylpropanoic acids,,,,,,,
diphenhydramine,39,Organic compounds,Benzenoids,Benzene and substituted derivatives,Diphenylmethanes,,,,,,
estriol 3-sulfate,39,Organic compounds,Lipids and lipid-like molecules,Steroids and steroid derivatives,Sulfated steroids,,,,,,
ginkgolic acid C13:0,39,Organic compounds,Benzenoids,Benzene and substituted derivatives,Benzoic acids and derivatives,Hydroxybenzoic acid derivatives,Salicylic acid and derivatives,Salicylic acids,,,
glycodeoxycholate,39,Organic compounds,Lipids and lipid-like molecules,Steroids and steroid derivatives,"Bile acids, alcohols and derivatives",Glycinated bile acids and derivatives,,,,,
hydroquinone sulfate,39,Organic compounds,Organic acids and derivatives,Organic sulfuric acids and derivatives,Arylsulfates,Phenylsulfates,,,,,
lisinopril,39,Organic compounds,Organic acids and derivatives,Carboxylic acids and derivatives,"Amino acids, peptides, and analogues",Peptides,Dipeptides,,,,
"N2,N2-dimethylguanosine",39,Organic compounds,"Nucleosides, nucleotides, and analogues",Purine nucleosides,,,,,,,
nicotinamide ribonucleotide (NMN),39,Organic compounds,"Nucleosides, nucleotides, and analogues",Pyridine nucleotides,Nicotinamide nucleotides,,,,,,
picolinoylglycine,39,Organic compounds,Organic acids and derivatives,Carboxylic acids and derivatives,"Amino acids, peptides, and analogues",Amino acids and derivatives,Alpha amino acids and derivatives,N-acyl-alpha amino acids and derivatives,N-acyl-alpha amino acids,,
S-methylmethionine,39,Organic compounds,Organic acids and derivatives,Carboxylic acids and derivatives,"Amino acids, peptides, and analogues",Amino acids and derivatives,Alpha amino acids and derivatives,Methionine and derivatives,,,
TMP,39,Organic compounds,"Nucleosides, nucleotides, and analogues",Pyrimidine nucleotides,Pyrimidine deoxyribonucleotides,Pyrimidine deoxyribonucleoside monophosphates,Pyrimidine 2'-deoxyribonucleoside monophosphates,,,,
urea,39,Organic compounds,Organic acids and derivatives,Organic carbonic acids and derivatives,Ureas,,,,,,
"uridine-2',3'-cyclic monophosphate",39,Organic compounds,"Nucleosides, nucleotides, and analogues",Pyrimidine nucleotides,Cyclic pyrimidine nucleotides,"2',3'-cyclic pyrimidine nucleotides",,,,,
(3'-5')-adenylylcytidine,40,Organic compounds,"Nucleosides, nucleotides, and analogues",(3'->5')-dinucleotides and analogues,(3'->5')-dinucleotides,,,,,,
(3'-5')-guanylylcytidine,40,Organic compounds,"Nucleosides, nucleotides, and analogues",(3'->5')-dinucleotides and analogues,(3'->5')-dinucleotides,,,,,,
1-oleoyl-GPS (18:1),40,Organic compounds,Lipids and lipid-like molecules,Glycerophospholipids,Glycerophosphoserines,Lysophosphatidylserines,1-acyl-glycerol-3-phosphoserines,,,,
3-dehydrodeoxycholate,40,Organic compounds,Lipids and lipid-like molecules,Steroids and steroid derivatives,"Bile acids, alcohols and derivatives","Hydroxy bile acids, alcohols and derivatives","Monohydroxy bile acids, alcohols and derivatives",,,,
astaxanthin,40,Organic compounds,Lipids and lipid-like molecules,Prenol lipids,Tetraterpenoids,Carotenoids,Xanthophylls,,,,
brilliant blue FCF (blue 1),40,Organic compounds,Benzenoids,Triphenyl compounds,,,,,,,
deoxycholate,40,Organic compounds,Lipids and lipid-like molecules,Steroids and steroid derivatives,"Bile acids, alcohols and derivatives","Hydroxy bile acids, alcohols and derivatives","Dihydroxy bile acids, alcohols and derivatives",,,,
lysylleucine,40,Organic compounds,Organic acids and derivatives,Carboxylic acids and derivatives,"Amino acids, peptides, and analogues",Peptides,Dipeptides,,,,
N-(2-furoyl)glycine,40,Organic compounds,Organic acids and derivatives,Carboxylic acids and derivatives,"Amino acids, peptides, and analogues",Amino acids and derivatives,Alpha amino acids and derivatives,N-acyl-alpha amino acids and derivatives,N-acyl-alpha amino acids,,
nomilin,40,Organic compounds,Lipids and lipid-like molecules,Prenol lipids,Triterpenoids,Limonoids,,,,,
phenylpropionylglycine,40,Organic compounds,Organic acids and derivatives,Carboxylic acids and derivatives,"Amino acids, peptides, and analogues",Amino acids and derivatives,Alpha amino acids and derivatives,N-acyl-alpha amino acids and derivatives,N-acyl-alpha amino acids,,
sertraline,40,Organic compounds,Benzenoids,Tetralins,Tametralines,,,,,,
venlafaxine,40,Organic compounds,Benzenoids,Phenol ethers,Anisoles,,,,,,
(3'-5')-uridylylguanosine,41,Organic compounds,"Nucleosides, nucleotides, and analogues",(3'->5')-dinucleotides and analogues,(3'->5')-dinucleotides,,,,,,
3-methyladipate,41,Organic compounds,Lipids and lipid-like molecules,Fatty Acyls,Fatty acids and conjugates,Medium-chain fatty acids,,,,,
hexanoylglycine (C6),41,Organic compounds,Organic acids and derivatives,Carboxylic acids and derivatives,"Amino acids, peptides, and analogues",Amino acids and derivatives,Alpha amino acids and derivatives,N-acyl-alpha amino acids and derivatives,N-acyl-alpha amino acids,,
N-acetyl-2-aminooctanoate*,41,Organic compounds,Organic acids and derivatives,Carboxylic acids and derivatives,"Amino acids, peptides, and analogues",Amino acids and derivatives,Alpha amino acids and derivatives,N-acyl-alpha amino acids and derivatives,N-acyl-alpha amino acids,,
O-desmethyltramadol,41,Organic compounds,Benzenoids,Benzene and substituted derivatives,Cyclohexylphenols,,,,,,
tigloylglycine,41,Organic compounds,Organic acids and derivatives,Carboxylic acids and derivatives,"Amino acids, peptides, and analogues",Amino acids and derivatives,Alpha amino acids and derivatives,N-acyl-alpha amino acids and derivatives,N-acyl-alpha amino acids,,
valerylphenylalanine,41,Organic compounds,Organic acids and derivatives,Carboxylic acids and derivatives,"Amino acids, peptides, and analogues",Amino acids and derivatives,Alpha amino acids and derivatives,Phenylalanine and derivatives,,,
(3'-5')-cytidylylguanosine,42,Organic compounds,"Nucleosides, nucleotides, and analogues",(3'->5')-dinucleotides and analogues,(3'->5')-dinucleotides,,,,,,
2'-deoxyadenosine,42,Organic compounds,"Nucleosides, nucleotides, and analogues",Purine nucleosides,Purine 2'-deoxyribonucleosides,,,,,,
2-arachidonoylglycerol (20:4),42,Organic compounds,Lipids and lipid-like molecules,Endocannabinoids,,,,,,,
2-methoxyacetaminophen sulfate*,42,Organic compounds,Organic acids and derivatives,Organic sulfuric acids and derivatives,Arylsulfates,Phenylsulfates,,,,,
6-oxolithocholate,42,Organic compounds,Lipids and lipid-like molecules,Steroids and steroid derivatives,"Bile acids, alcohols and derivatives","Hydroxy bile acids, alcohols and derivatives","Monohydroxy bile acids, alcohols and derivatives",,,,
guaiacol sulfate,42,Organic compounds,Organic acids and derivatives,Organic sulfuric acids and derivatives,Arylsulfates,Phenylsulfates,,,,,
hexanoyltaurine,42,Organic compounds,Lipids and lipid-like molecules,Fatty Acyls,Fatty amides,N-acyl amines,,,,,
limonin,42,Organic compounds,Lipids and lipid-like molecules,Prenol lipids,Triterpenoids,Limonoids,,,,,
mead acid (20:3n9),42,Organic compounds,Lipids and lipid-like molecules,Fatty Acyls,Fatty acids and conjugates,Long-chain fatty acids,,,,,
nicotinic acid mononucleotide (NaMN),42,Organic compounds,"Nucleosides, nucleotides, and analogues",Pyridine nucleotides,Nicotinic acid nucleotides,,,,,,
3-(3-hydroxyphenyl)propionate sulfate,43,Organic compounds,Organic acids and derivatives,Organic sulfuric acids and derivatives,Arylsulfates,Phenylsulfates,,,,,
"guanosine-2',3'-cyclic monophosphate",43,Organic compounds,"Nucleosides, nucleotides, and analogues",Purine nucleotides,Cyclic purine nucleotides,"2',3'-cyclic purine nucleotides",,,,,
indole-3-acetamide,43,Organic compounds,Organoheterocyclic compounds,Indoles and derivatives,Indoles,3-alkylindoles,,,,,
N-methylhydroxyproline,43,Organic compounds,Organic acids and derivatives,Carboxylic acids and derivatives,"Amino acids, peptides, and analogues",Amino acids and derivatives,Alpha amino acids and derivatives,Proline and derivatives,,,
p-cresol glucuronide*,43,Organic compounds,Organic oxygen compounds,Organooxygen compounds,Carbohydrates and carbohydrate conjugates,Glycosyl compounds,Phenolic glycosides,,,,
taurodeoxycholate,43,Organic compounds,Lipids and lipid-like molecules,Steroids and steroid derivatives,"Bile acids, alcohols and derivatives",Taurinated bile acids and derivatives,,,,,
1-oleoylglycerophosphate (18:1),44,Organic compounds,Lipids and lipid-like molecules,Glycerophospholipids,Glycerophosphates,Monoacylglycerophosphates,Lysophosphatidic acids,1-acylglycerol-3-phosphates,,,
1-stearoyl-2-oleoyl-GPS (18:0/18:1),44,Organic compounds,Lipids and lipid-like molecules,Glycerophospholipids,Glycerophosphoserines,Phosphatidylserines,,,,,
2-acetolactate,44,Organic compounds,Organic acids and derivatives,Keto acids and derivatives,Short-chain keto acids and derivatives,,,,,,
4-hydroxycinnamate sulfate,44,Organic compounds,Phenylpropanoids and polyketides,Cinnamic acids and derivatives,Cinnamic acids,,,,,,
5-methylhexanoate (i7:0),44,Organic compounds,Lipids and lipid-like molecules,Fatty Acyls,Fatty acids and conjugates,Medium-chain fatty acids,,,,,
5-methylthioribose,44,Organic compounds,Organic oxygen compounds,Organooxygen compounds,Carbohydrates and carbohydrate conjugates,Monosaccharides,Pentoses,,,,
L-urobilin,44,Organic compounds,Organoheterocyclic compounds,Tetrapyrroles and derivatives,Bilirubins,,,,,,
N6-succinyladenosine,44,Organic compounds,"Nucleosides, nucleotides, and analogues",Purine nucleosides,,,,,,,
2'-deoxyguanosine 5'-monophosphate (dGMP),45,Organic compounds,"Nucleosides, nucleotides, and analogues",Purine nucleotides,Purine deoxyribonucleotides,Purine deoxyribonucleoside monophosphates,Purine 2'-deoxyribonucleoside monophosphates,,,,
2-hydroxymyristate,45,Organic compounds,Lipids and lipid-like molecules,Fatty Acyls,Fatty acids and conjugates,Long-chain fatty acids,,,,,
3-hydroxycinnamate,45,Organic compounds,Phenylpropanoids and polyketides,Cinnamic acids and derivatives,Hydroxycinnamic acids and derivatives,Hydroxycinnamic acids,,,,,
chrysin,45,Organic compounds,Phenylpropanoids and polyketides,Flavonoids,Flavones,,,,,,
coprostanol,45,Organic compounds,Lipids and lipid-like molecules,Steroids and steroid derivatives,Cholestane steroids,Cholesterols and derivatives,,,,,
dehydrocholic acid,45,Organic compounds,Lipids and lipid-like molecules,Steroids and steroid derivatives,"Bile acids, alcohols and derivatives",,,,,,
S-methylcysteine sulfoxide,45,Organic compounds,Organic acids and derivatives,Carboxylic acids and derivatives,"Amino acids, peptides, and analogues",Amino acids and derivatives,Alpha amino acids and derivatives,Alpha amino acids,,,